iata,city
DEL,Delhi
BOM,Mumbai
BLR,Bengaluru
MAA,Chennai
HYD,Hyderabad
CCU,Kolkata
AMD,Ahmedabad
COK,Kochi
GOI,Goa
PNQ,Pune
JAI,Jaipur
LKO,Lucknow
GAU,Guwahati
PAT,Patna
BBI,Bhubaneswar
IXC,Chandigarh
SXR,Srinagar
IXB,Bagdogra
TRV,Thiruvananthapuram
CJB,Coimbatore
NAG,Nagpur
IDR,Indore
BDQ,Vadodara
VGA,Vijayawada
VTZ,Visakhapatnam
IXE,Mangaluru
IXR,Ranchi
ATQ,Amritsar
IXJ,Jammu
DED,Dehradun
IXZ,Port Blair
IMF,Imphal
DIB,Dibrugarh
IXA,Agartala
JDH,Jodhpur
UDR,Udaipur
BHO,Bhopal
RPR,Raipur
IXU,Aurangabad
STV,Surat
RAJ,Rajkot
HJR,Khajuraho
GAY,Gaya
IXD,Prayagraj
MYQ,Mysuru
HBX,Hubballi
IXM,Madurai
TRZ,Tiruchirappalli
TIR,Tirupati
CNN,Kannur
IXL,Leh
BHJ,Bhuj
DIU,Diu
TEZ,Tezpur
AJL,Aizawl
SHL,Shillong
GOP,Gorakhpur
VNS,Varanasi
IXG,Belagavi
SAG,Shirdi
KLH,Kolhapur
RJA,Rajahmundry
AGX,Agatti
DHM,Dharamshala
KNU,Kanpur
